{"cameraMode":{"drawMode":0,"name":"Shaded","section":"Shading Mode"},"sceneLighting":true,"audioPlay":false,"sceneViewState":{"m_AlwaysRefresh":false,"showFog":true,"showSkybox":true,"showFlares":true,"showImageEffects":true,"showParticleSystems":true,"showVisualEffectGraphs":true,"m_FxEnabled":true},"in2DMode":false,"pivot":{"x":-8.089709281921387,"y":2.186378240585327,"z":-67.14329528808594},"rotation":{"x":0.005073352716863155,"y":-0.651106595993042,"z":0.003780819708481431,"w":0.7587634325027466},"size":0.20199942588806153,"orthographic":false}